{
  "analysis_metadata": {
    "timestamp": "2025-11-13T01:18:56.589880",
    "resolution": "PT60M",
    "horizon_hours": 24,
    "year": 2024,
    "discount_rate": 0.05,
    "project_years": 15,
    "battery_cost_per_kwh": 5000
  },
  "baseline": {
    "annual_cost_nok": -23981.029119753148,
    "annual_consumption_kwh": 56279.99999999999,
    "annual_pv_production_kwh": 127279.76166
  },
  "grid_search": {
    "E_nom_range_kwh": [
      20.0,
      200.0
    ],
    "P_max_range_kw": [
      10.0,
      100.0
    ],
    "total_combinations": 49,
    "best_E_nom_kwh": 20.0,
    "best_P_max_kw": 25.0,
    "best_npv_nok": -30191.440169111986
  },
  "powell_refinement": {
    "optimal_E_nom_kwh": 5.000001942753897,
    "optimal_P_max_kw": 25.0,
    "optimal_npv_nok": -1324.1111624712983,
    "improvement_over_grid_nok": 28867.329006640688,
    "improvement_percent": 95.61428287271318
  },
  "economic_metrics": {
    "c_rate": 4.999998057246858,
    "payback_years": 10.960156431566228,
    "breakeven_cost_per_kwh": 4735.177870402583,
    "annual_savings_nok": 2280.9902276364624,
    "capex_nok": 25000.009713769487
  }
}