{
  "optimal_E_nom_kwh": 20.0,
  "optimal_P_max_kw": 25.0,
  "optimal_npv_nok": -30191.440169111986,
  "c_rate": 1.25,
  "payback_years": 14.868746846125212,
  "breakeven_cost_per_kwh": 3490.4279915443994,
  "annual_savings_nok": 6725.516348814557,
  "capex_nok": 100000.0,
  "convergence_iterations": 1,
  "solve_time_s": 13.661802530288696,
  "success": true,
  "grid_search_best_E_kwh": 20.0,
  "grid_search_best_P_kw": 25.0,
  "grid_search_best_npv_nok": -30191.440169111986,
  "npv_improvement_nok": 0.0,
  "npv_improvement_percent": 0.0
}