{
  "optimal_E_nom_kwh": 5.0000345425982164,
  "optimal_P_max_kw": 104.99994755213406,
  "optimal_npv_nok": -3537.619465254738,
  "c_rate": 20.999844432589043,
  "payback_years": 12.09051135067864,
  "breakeven_cost_per_kwh": 4292.480994857998,
  "annual_savings_nok": 2067.7514778221375,
  "capex_nok": 25000.172712991083,
  "convergence_iterations": 1,
  "solve_time_s": 62.96262168884277,
  "success": true,
  "grid_search_best_E_kwh": 20.0,
  "grid_search_best_P_kw": 25.0,
  "grid_search_best_npv_nok": -21866.436624606693,
  "npv_improvement_nok": 18328.817159351955,
  "npv_improvement_percent": 83.82169200228175
}