{
  "optimization_metadata": {
    "timestamp": "2025-11-08T19:02:03.029611",
    "year": 2024,
    "resolution": "PT60M",
    "discount_rate": 0.05,
    "project_years": 15,
    "total_evaluations": 35
  },
  "grid_search": {
    "E_range": [
      10.0,
      200.0
    ],
    "P_range": [
      10.0,
      100.0
    ],
    "grid_size": [
      6,
      6
    ],
    "best_E_nom_kwh": 10.0,
    "best_P_max_kw": 10.0,
    "best_npv_nok": 16910.010923710455
  },
  "powell_refinement": {
    "optimal_E_nom_kwh": 13.177802608262699,
    "optimal_P_max_kw": 9.999738062304477,
    "optimal_npv_nok": 22275.44868604106,
    "success": true,
    "iterations": 56
  },
  "optimal_solution": {
    "battery_capacity_kwh": 13.177802608262699,
    "battery_power_kw": 9.999738062304477,
    "npv_nok": 22275.44868604106,
    "npv_million_nok": 0.02227544868604106,
    "initial_investment_nok": 55166.662307737875,
    "c_rate": 0.758831981292122
  }
}