{
  "data_source": "PVGIS actual solar data for Stavanger",
  "optimal_battery_kwh": 10.0,
  "optimal_battery_kw": 5.0,
  "npv_at_target_cost": 61779.92226519247,
  "payback_years": 2.9902245148541358,
  "annual_savings": 8360.576229581045,
  "total_dc_production_kwh": 128289.20066999999,
  "total_ac_production_kwh": 123249.9821016,
  "total_consumption_kwh": 210474.0122013438,
  "inverter_clipping_kwh": 2473.4345549999994,
  "grid_curtailment_kwh": 4769.158127397978
}