{
  "data_source": "PVGIS actual solar data for Stavanger",
  "optimal_battery_kwh": 10.0,
  "optimal_battery_kw": 5.0,
  "npv_at_target_cost": 61296.05856871604,
  "payback_years": 3.0069907624794507,
  "annual_savings": 8313.95969417144,
  "total_dc_production_kwh": 128289.20066999999,
  "total_ac_production_kwh": 123249.9821016,
  "total_consumption_kwh": 210469.73402670224,
  "inverter_clipping_kwh": 2473.4345549999994,
  "grid_curtailment_kwh": 4796.714141075332
}