{
  "optimal_battery_kwh": 10.0,
  "optimal_battery_kw": 5.0,
  "npv_at_target_cost": 122203.88453896664,
  "npv_at_market_cost": 97203.88453896662,
  "payback_years": 1.7628030113962396,
  "annual_savings": 14181.958981451131,
  "break_even_cost": 2500.0,
  "market_cost": 5000.0,
  "base_case_npv": 18103.676448260514
}