{
  "optimal_battery_kwh": 100.0,
  "optimal_battery_kw": 50.0,
  "npv_at_target_cost": 3034838.6515817186,
  "npv_at_market_cost": 2784838.6515817186,
  "payback_years": 0.7899671139998434,
  "annual_savings": 316468.8701206485,
  "break_even_cost": 2500.0,
  "market_cost": 5000.0,
  "base_case_npv": 4467.407438056009,
  "total_dc_production_kwh": 217450.01454378545,
  "total_ac_production_kwh": 209307.48328839167,
  "inverter_clipping_kwh": 3793.530964518088,
  "grid_curtailment_kwh": 13052.782414000692
}