{
  "optimal_battery_kwh": 10.0,
  "optimal_battery_kw": 5.0,
  "npv_at_target_cost": 109881.49176731116,
  "npv_at_market_cost": 84881.49176731115,
  "payback_years": 1.9238477240611531,
  "annual_savings": 12994.791473010224,
  "break_even_cost": 2500.0,
  "market_cost": 5000.0,
  "base_case_npv": 8400.57823014773,
  "total_dc_production_kwh": 218043.01898977242,
  "total_ac_production_kwh": 209647.21875323443,
  "inverter_clipping_kwh": 4034.9398567425296,
  "grid_curtailment_kwh": 13383.841063282722
}