year,month,P_charge_kw,P_discharge_kw,P_grid_import_kw,P_grid_export_kw,P_curtail_kw
2024,5,1673.4225268252358,1770.8021010811983,10309.384111484804,9869.168419528001,825.4420058689487
