year,month,P_charge_kw,P_discharge_kw,P_grid_import_kw,P_grid_export_kw,P_curtail_kw
2024,6,2631.37455038229,2700.748318012485,9758.870308241234,9937.757337993222,497.1762234938328
