{
  "total_cost_nok": 1643.0938232410963,
  "avg_solve_time_s": 0.021991968154907227,
  "total_solve_time_s": 1.1435823440551758
}